<?xml version="1.0" encoding="UTF-8"?>
<!DOCTYPE plist PUBLIC "-//Apple//DTD PLIST 1.0//EN" "http://www.apple.com/DTDs/PropertyList-1.0.dtd">
<plist version="1.0">
<dict>
	<key>files</key>
	<dict>
		<key>Resources/8bitwonder.ttf</key>
		<data>
		yQp2djqf/WE1ZgTaNo5zDBsfkOY=
		</data>
		<key>Resources/AppIcon.icns</key>
		<data>
		qPecb/nTzw5t0mAFXaEl0GKoWRY=
		</data>
		<key>Resources/Assets.car</key>
		<data>
		JF4382i3rCUzgv/bVR3CrVUdhKg=
		</data>
		<key>Resources/Base.lproj/MainMenu.nib/keyedobjects-101300.nib</key>
		<data>
		fBzNaImLO+LedLZqRC/SP7hT0+4=
		</data>
		<key>Resources/Base.lproj/MainMenu.nib/keyedobjects.nib</key>
		<data>
		9nVWXyTyCrS9PuOhk41HfLuP0dM=
		</data>
		<key>Resources/sound_gameover.mp3</key>
		<data>
		MLitLay8nfRcgIU7ErcCEqtIKzA=
		</data>
		<key>Resources/sound_highscore.mp3</key>
		<data>
		HVEaYMeh8D3w/Ir6icHM3CBC0S0=
		</data>
		<key>Resources/sound_score.mp3</key>
		<data>
		Jfzz2mrVcI2SwRjN0apM60zHwfE=
		</data>
	</dict>
	<key>files2</key>
	<dict>
		<key>Resources/8bitwonder.ttf</key>
		<dict>
			<key>hash</key>
			<data>
			yQp2djqf/WE1ZgTaNo5zDBsfkOY=
			</data>
			<key>hash2</key>
			<data>
			4+nGT6kS2DV2oBEMRv6InojDv33DQxnif81BSIXCpQo=
			</data>
		</dict>
		<key>Resources/AppIcon.icns</key>
		<dict>
			<key>hash</key>
			<data>
			qPecb/nTzw5t0mAFXaEl0GKoWRY=
			</data>
			<key>hash2</key>
			<data>
			ry+Kn/6mzfEQMrKnPFKUihtgcl8NrIjbR9HwC81wgZY=
			</data>
		</dict>
		<key>Resources/Assets.car</key>
		<dict>
			<key>hash</key>
			<data>
			JF4382i3rCUzgv/bVR3CrVUdhKg=
			</data>
			<key>hash2</key>
			<data>
			Ji9pjox0TArggB75NBg6vwzCv6kHft6HQV5jCI5KZSQ=
			</data>
		</dict>
		<key>Resources/Base.lproj/MainMenu.nib/keyedobjects-101300.nib</key>
		<dict>
			<key>hash</key>
			<data>
			fBzNaImLO+LedLZqRC/SP7hT0+4=
			</data>
			<key>hash2</key>
			<data>
			Tv9yWn2dnMsUUQLZONOuanQJkVzUtSZcs8mNw2MQPUY=
			</data>
		</dict>
		<key>Resources/Base.lproj/MainMenu.nib/keyedobjects.nib</key>
		<dict>
			<key>hash</key>
			<data>
			9nVWXyTyCrS9PuOhk41HfLuP0dM=
			</data>
			<key>hash2</key>
			<data>
			gSNHxN0CUvKbktdThGkwQJGMfFGsPl2Ip8kPbqrqlgE=
			</data>
		</dict>
		<key>Resources/sound_gameover.mp3</key>
		<dict>
			<key>hash</key>
			<data>
			MLitLay8nfRcgIU7ErcCEqtIKzA=
			</data>
			<key>hash2</key>
			<data>
			SgLrcu/zOqEXV7MbkFNpk3Y47UWulvxp/HD62gUghQk=
			</data>
		</dict>
		<key>Resources/sound_highscore.mp3</key>
		<dict>
			<key>hash</key>
			<data>
			HVEaYMeh8D3w/Ir6icHM3CBC0S0=
			</data>
			<key>hash2</key>
			<data>
			tewoSeQ9mA+jnZ5nhWIbn9mB4YnQ07Q4AzQ+6wvg01Y=
			</data>
		</dict>
		<key>Resources/sound_score.mp3</key>
		<dict>
			<key>hash</key>
			<data>
			Jfzz2mrVcI2SwRjN0apM60zHwfE=
			</data>
			<key>hash2</key>
			<data>
			Az1FOdZVEbZNreLVJKfF8kLiqhxFN7tpr1Sdd8xyvSI=
			</data>
		</dict>
	</dict>
	<key>rules</key>
	<dict>
		<key>^Resources/</key>
		<true/>
		<key>^Resources/.*\.lproj/</key>
		<dict>
			<key>optional</key>
			<true/>
			<key>weight</key>
			<real>1000</real>
		</dict>
		<key>^Resources/.*\.lproj/locversion.plist$</key>
		<dict>
			<key>omit</key>
			<true/>
			<key>weight</key>
			<real>1100</real>
		</dict>
		<key>^Resources/Base\.lproj/</key>
		<dict>
			<key>weight</key>
			<real>1010</real>
		</dict>
		<key>^version.plist$</key>
		<true/>
	</dict>
	<key>rules2</key>
	<dict>
		<key>.*\.dSYM($|/)</key>
		<dict>
			<key>weight</key>
			<real>11</real>
		</dict>
		<key>^(.*/)?\.DS_Store$</key>
		<dict>
			<key>omit</key>
			<true/>
			<key>weight</key>
			<real>2000</real>
		</dict>
		<key>^(Frameworks|SharedFrameworks|PlugIns|Plug-ins|XPCServices|Helpers|MacOS|Library/(Automator|Spotlight|LoginItems))/</key>
		<dict>
			<key>nested</key>
			<true/>
			<key>weight</key>
			<real>10</real>
		</dict>
		<key>^.*</key>
		<true/>
		<key>^Info\.plist$</key>
		<dict>
			<key>omit</key>
			<true/>
			<key>weight</key>
			<real>20</real>
		</dict>
		<key>^PkgInfo$</key>
		<dict>
			<key>omit</key>
			<true/>
			<key>weight</key>
			<real>20</real>
		</dict>
		<key>^Resources/</key>
		<dict>
			<key>weight</key>
			<real>20</real>
		</dict>
		<key>^Resources/.*\.lproj/</key>
		<dict>
			<key>optional</key>
			<true/>
			<key>weight</key>
			<real>1000</real>
		</dict>
		<key>^Resources/.*\.lproj/locversion.plist$</key>
		<dict>
			<key>omit</key>
			<true/>
			<key>weight</key>
			<real>1100</real>
		</dict>
		<key>^Resources/Base\.lproj/</key>
		<dict>
			<key>weight</key>
			<real>1010</real>
		</dict>
		<key>^[^/]+$</key>
		<dict>
			<key>nested</key>
			<true/>
			<key>weight</key>
			<real>10</real>
		</dict>
		<key>^embedded\.provisionprofile$</key>
		<dict>
			<key>weight</key>
			<real>20</real>
		</dict>
		<key>^version\.plist$</key>
		<dict>
			<key>weight</key>
			<real>20</real>
		</dict>
	</dict>
</dict>
</plist>
